line,name,ip,mac,serial,location,unknown
0,NULL,,,"MAC MAC",A1,"Electricity IPMI Serial Name IPMI"
1,NULL,,,"MAC MAC",A1,"Electricity IPMI Serial Name IPMI"
2,NULL,,,"MAC MAC",A1,"Electricity IPMI Serial Name IPMI"
3,"test055 test050","192.168.1.10 192.168.1.14",,"2ZZ66-1 node 8 2ZZ66-1 Node4",A1,NULL
4,"test055 test050","192.168.1.10 192.168.1.14",,"2ZZ66-1 node 8 2ZZ66-1 Node4",A1,NULL
5,"test056 test051",,"00:11:22:33:44:56 00:11:22:33:44:60","2ZZ66-1 node 7 2ZZ66-1 Node3",A1,NULL
6,"test056 test051",,"00:11:22:33:44:56 00:11:22:33:44:60","2ZZ66-1 node 7 2ZZ66-1 Node3",A1,NULL
7,NULL,"192.168.1.12 192.168.1.16","00:11:22:33:44:57 00:11:22:33:44:61","2ZZ66-1 node 6 2ZZ66-1 Node2",A1,NULL
8,"test058 test053","192.168.1.13 192.168.1.17","00:11:22:33:44:58 00:11:22:33:44:62",,A1,NULL
9,"test058 test053","192.168.1.13 192.168.1.17","00:11:22:33:44:58 00:11:22:33:44:62",,A1,NULL
10,test_b001,192.168.100.11,4321.1234.1234,,A1,NULL
11,NULL,192.168.100.1,1234.1234.1234,"AZZ1234 CHASSIS 1",A1,SW
12,test_aZZ010,192.168.20.10,AA:BB:CC:DD:EE:11,,A1,NULL
13,test_aZZ012,192.168.20.16,AA:BB:CC:DD:EE:14,,A1,NULL
14,test_aZZ013,192.168.20.20,AA:BB:CC:DD:EE:19,,A1,NULL
15,NULL,,,AZZZZZ3,A1,NULL
16,test_aZZ017,192.168.20.20,AA:BB:CC:DD:EE:16,,A1,NULL
17,test_aZZ011,192.168.20.15,AA:BB:CC:DD:EE:12,,A1,NULL
18,test_aZZ014,192.168.20.17,AA:BB:CC:DD:EE:13,,A1,NULL
19,NULL,,,AZZD321,A1,NULL
20,test_aZZ015,192.168.20.21,AA:BB:CC:DD:EE:18,,A1,NULL
21,test_aZZ020,192.168.20.21,AA:BB:CC:DD:EE:18,,A1,NULL
22,test_c,192.168.100.21,,ZZBBBBB,A1,NULL
23,test_d,,,ZZCCCCC,A1,NULL
24,NULL,192.168.100.254,1234.1235.1235,"AZZ5555 CHASSIS 2",A1,SW
25,NULL,"192.168.101.40 192.168.101.44","44:55:66:77:88:99 44:55:66:77:88:00","11AA11B11 123ASDF",A1,NULL
26,NULL,192.168.100.190,0000.ZZZZ.7979,"PDU A",A1,BLUE
27,NULL,192.168.100.191,0000.ZZZZ.6868,,A1,"PDU B RED"
28,NULL,192.168.100.192,0000.ZZZZ.7978,"PDU A",A1,BLUE
29,NULL,192.168.100.193,0000.ZZZZ.6869,,A1,"PDU B RED"
30,NULL,,,"REAR VIEW OF RACK",A2,NULL
31,NULL,,,MAC,A2,"Electricity Name IPMI Serial Electricity Name Serial"
32,NULL,,,MAC,A2,"Electricity Name IPMI Serial Electricity Name Serial"
33,NULL,"192.168.100.199 TAG: 7M6ZZ42",54ZZ.3511.d376,"AA SW",A2,NULL
34,NULL,"192.168.100.213 192.168.100.212","11:11:11:FB:72:ZZ 11:11:11:FB:72:70",ZZ6ZZ42,A2,NULL
35,"test005 (1234)","192.168.100.214 192.168.100.211","11:11:11:FB:72:97 11:11:11:FB:72:8A",,A2,"node003 (1234)"
36,"test005 (1234)","192.168.100.214 192.168.100.211","11:11:11:FB:72:97 11:11:11:FB:72:8A",,A2,"node003 (1234)"
37,NULL,192.168.100.200,54ZZ.3511.ZZc8,"AA SW QA01 TAG: 6M6ZZ42",A2,DELL
38,"test_qa9 (1212)","192.168.100.204 192.168.100.203",,"ZZ6ZZ42 ZZ6ZZ42",A2,"node006 (1212)"
39,"test_qa9 (1212)","192.168.100.204 192.168.100.203",,"ZZ6ZZ42 ZZ6ZZ42",A2,"node006 (1212)"
40,"test_bl014 (1212)",,"11:11:11:35:86:27 11:11:11:35:86:1A","ZZ6ZZ42 ZZ6ZZ42",A2,"node011 (1212)"
41,"test_bl014 (1212)",,"11:11:11:35:86:27 11:11:11:35:86:1A","ZZ6ZZ42 ZZ6ZZ42",A2,"node011 (1212)"
42,"test_v servers TAG: DM6ZZ42",192.168.100.201,54ZZ.3511.ZZdc,"AA SW",A2,NULL
43,NULL,"192.168.100.209 192.168.100.208","11:11:11:FB:7E:ZZ 11:11:11:FB:7E:B0","ZZ6ZZ42 ZZ6ZZ42",A2,NULL
44,"test_mx001 test_v15 (0002)","192.168.100.207 192.168.100.210","11:11:11:FB:7E:D7 11:11:11:FB:7E:CA",,A2,NULL
45,"test_mx001 test_v15 (0002)","192.168.100.207 192.168.100.210","11:11:11:FB:7E:D7 11:11:11:FB:7E:CA",,A2,NULL
46,NULL,"192.168.100.225 TAG: GMS3852",54:ZZ:35:19:40:62,"AA SW",A2,NULL
47,"test_ZZ-be001 (0001)",,"11:11:11:ZZ:5C:4D 11:11:11:ZZ:5C:40","ZZ05842 ZZS3852",A2,"node012 (1212)"
48,"test_ZZ-be001 (0001)",,"11:11:11:ZZ:5C:4D 11:11:11:ZZ:5C:40","ZZ05842 ZZS3852",A2,"node012 (1212)"
49,NULL,,,,A2,empty
50,NULL,"192.168.100.226 TAG: GM6ZZ42",54:ZZ:35:17:c6:dc,"AA SW",A2,NULL
51,"test_v012 test_v011",,"11:11:11:7A:ZZ:8D 11:11:11:7A:ZZ:80","ZZ6ZZ42 ZZ6ZZ42",A2,NULL
52,"test_v012 test_v011",,"11:11:11:7A:ZZ:8D 11:11:11:7A:ZZ:80","ZZ6ZZ42 ZZ6ZZ42",A2,NULL
53,"test_v010 test_v009",,"11:11:11:7A:ZZ:A7 11:11:11:7A:ZZ:9A","ZZ6ZZ42 ZZ6ZZ42",A2,NULL
54,"test_v010 test_v009",,"11:11:11:7A:ZZ:A7 11:11:11:7A:ZZ:9A","ZZ6ZZ42 ZZ6ZZ42",A2,NULL
55,NULL,192.168.100.ZZZ,54ZZ.3520.c8a8,4DP3952,A2,SW
56,test_k001,"192.168.121.250 192.168.121.ZZ8",11:11:11:ZZ:2D:3D,ZZP3952,A2,"0001 (8 disks) 0001 (8 disks)"
57,test_k001,"192.168.121.250 192.168.121.ZZ8",11:11:11:ZZ:2D:3D,ZZP3952,A2,"0001 (8 disks) 0001 (8 disks)"
58,test_k002,"192.168.121.252 192.168.101.7","11:11:11:ZZ:2D:57 11:11:11:ZZ:2D:4A",ZZQ3952,A2,"0001 (8 disks)"
59,test_k002,"192.168.121.252 192.168.101.7","11:11:11:ZZ:2D:57 11:11:11:ZZ:2D:4A",ZZQ3952,A2,"0001 (8 disks)"
60,test_k002,"192.168.121.252 192.168.101.7","11:11:11:ZZ:2D:57 11:11:11:ZZ:2D:4A",ZZQ3952,A2,"0001 (8 disks)"
61,NULL,192.168.100.ZZ1,54ZZ.3520.ZZZa,ZZ31952,A2,SW
62,NULL,"192.168.101.11 192.168.101.10","11:11:11:ZZ:A7:ZZ 11:11:11:ZZ:A7:B0","ZZ31952 ZZ31952",A2,NULL
63,"test_s035 test_s033","192.168.101.13 192.168.101.12","11:11:11:ZZ:A7:D7 11:11:11:ZZ:A7:CA",,A2,NULL
64,"test_s035 test_s033","192.168.101.13 192.168.101.12","11:11:11:ZZ:A7:D7 11:11:11:ZZ:A7:CA",,A2,NULL
65,NULL,192.168.100.194,00c0.ZZZZ.b188,"PDU A",A2,BLUE
66,NULL,192.168.100.195,00c0.ZZZZ.ea0c,,A2,"PDU B RED"
67,NULL,192.168.100.192,00c0.ZZZZ.ea2c,"PDU A",A2,BLUE
68,NULL,192.168.100.196,00c0.ZZZZ.ea09,,A2,"PDU B RED"
69,test113,192.168.100.133,0000.009d.90ZZ,,A2,NULL
70,test_m009,192.168.100.141,,,A2,NULL
71,test_w4,,0000.ZZf2.ZZZ9,GXC345J,A2,NULL
72,test_be001,192.168.120.76,d4be.d9ef.649c,,A2,NULL
73,NULL,192.168.100.ZZ0,54ZZ.3520.c706,FZQ3952,A2,SW
74,"test_vt005 test_vdb002","192.168.101.21 192.168.101.20","11:11:11:ZZ:ZZ:57 11:11:11:ZZ:ZZ:4A",,A2,NULL
75,"test_vt005 test_vdb002","192.168.101.21 192.168.101.20","11:11:11:ZZ:ZZ:57 11:11:11:ZZ:ZZ:4A",,A2,NULL
76,NULL,192.168.100.239,54ZZ.3520.cZZe,6K41952,A2,SW
77,"test_s031 test_s030","192.168.101.17 192.168.101.15",,"CL41952 1L41952",A2,NULL
78,"test_s031 test_s030","192.168.101.17 192.168.101.15",,"CL41952 1L41952",A2,NULL
79,"test_s032 test_s029",,"11:11:11:ZZ:4F:97 11:11:11:ZZ:4F:8A","5L41952 8L41952",A2,NULL
80,"test_s032 test_s029",,"11:11:11:ZZ:4F:97 11:11:11:ZZ:4F:8A","5L41952 8L41952",A2,NULL
81,storage_aZZ,192.168.100.137,,52R815J,A2,NULL
82,NULL,,,"MAC MAC",A3,"Electricity IPMI Serial Name IPMI"
83,NULL,,,"MAC MAC",A3,"Electricity IPMI Serial Name IPMI"
84,NULL,,,"MAC MAC",A3,"Electricity IPMI Serial Name IPMI"
85,"test_v005 test_v002 (dead server)",192.168.100.109,0000.004c.4613,,A3,NULL
86,"test_v005 test_v002 (dead server)",192.168.100.109,0000.004c.4613,,A3,NULL
87,"test_v004 test_v001","192.168.100.113 192.168.100.108",0000.004c.4615,,A3,NULL
88,test_v007,"192.168.100.111 192.168.100.106","0000.004c.462f 0000.004c.4630",,A3,NULL
89,test_v008,192.168.100.110,"0000.004c.461b 0000.004c.45f3",,A3,NULL
90,test_p2-t5,"192.168.100.28 192.168.100.32","0000.0083.5e2a 0000.0083.5d47",,A3,NULL
91,test_qa8,192.168.100.22,"0000.0083.5cfe 0000.004c.44ZZ",,A3,NULL
92,"test_f059 test_f060",192.168.100.46,0000.00fe.20ZZ,,A3,NULL
93,"test_f059 test_f060",192.168.100.46,0000.00fe.20ZZ,,A3,NULL
94,"test_f058 test_f061","192.168.100.44 192.168.100.42",0000.00fe.20e8,,A3,NULL
95,NULL,"IP: 192.168.100.197","MAC: 54ZZ.3515.7ZZc","AA SW TAG: ZZ6ZZ42",A3,NULL
96,"test_bl013 (1212) test_bs01 (2697)","192.168.100.219 192.168.100.220","11:11:11:03:7E:4D 11:11:11:03:7E:40",,A3,NULL
97,"test_bl013 (1212) test_bs01 (2697)","192.168.100.219 192.168.100.220","11:11:11:03:7E:4D 11:11:11:03:7E:40",,A3,NULL
98,NULL,"192.168.100.221 192.168.100.227",,"ZZS3852 ZZS3852",A3,"node013 node014"
99,NULL,"192.168.100.221 192.168.100.227",,"ZZS3852 ZZS3852",A3,"node013 node014"
100,NULL,"IP:  192.168.100.198","MAC: 54ZZ.3511.d37c","AA SW TAG: ZZ6ZZ42",A3,NULL
101,"test_w001 test_r001",,"11:11:11:FA:EB:ZZ 11:11:11:FA:EB:B0","ZZ6ZZ42 ZZ6ZZ42",A3,NULL
102,"test_w001 test_r001",,"11:11:11:FA:EB:ZZ 11:11:11:FA:EB:B0","ZZ6ZZ42 ZZ6ZZ42",A3,NULL
103,NULL,"192.168.100.215 192.168.100.218","11:11:11:FA:EB:D7 11:11:11:FA:EB:CA","ZZ6ZZ42 ZZ6ZZ42",A3,NULL
104,test_db004,192.168.100.117,,,A3,NULL
105,test_db005,192.168.100.118,,,A3,NULL
106,test_cr-db1,192.168.100.179,,,A3,NULL
107,test_-dZZ,192.168.100.178,,HS0GZZZ,A3,NULL
108,NULL,192.168.100.101,00c0.ZZZZ.b1c4,"PDU A",A3,BLUE
109,NULL,192.168.100.100,00c0.ZZZZ.ea0b,,A3,"PDU B RED"
110,NULL,192.168.100.92,00c0.ZZZZ.ea0a,"PDU A",A3,BLUE
111,NULL,192.168.100.91,00c0.ZZZZ.ea28,,A3,"PDU B RED"
112,test_db003,192.168.100.115,0000.fdf9.4ZZ0,,A3,NULL
113,test_wd3,192.168.100.ZZ,,ZZC345J,A3,
114,test_aps002,192.168.100.ZZ5,,,A3,NULL
115,test_aps005,192.168.100.ZZ6,,,A3,NULL
116,NULL,,,MAC,A4,"Name IPMI Electricity Name IPMI Serial"
117,NULL,,,MAC,A4,"Name IPMI Electricity Name IPMI Serial"
118,NULL,"IP: 192.168.101.39","MAC: 54ZZ.3515.7bae","TAG: ZZTXM62",A4,SW
119,"test_v0ZZ test_v023","192.168.101.50 192.168.101.47",,"ZZ41H62 ZZ1ZZZZ",A4,NULL
120,"test_v0ZZ test_v023","192.168.101.50 192.168.101.47",,"ZZ41H62 ZZ1ZZZZ",A4,NULL
121,NULL,,,,A4,empty
122,NULL,"IP: 192.168.101.33","MAC: 54ZZ.3521.e358","TAG: ZZPRM62",A4,SW
123,"test_v017 test_v018","192.168.101.37 192.168.101.36",,"ZZSXM62 ZZSSM62",A4,NULL
124,"test_v017 test_v018","192.168.101.37 192.168.101.36",,"ZZSXM62 ZZSSM62",A4,NULL
125,NULL,,,,A4,empty
126,NULL,192.168.100.237,54ZZ.3520.ca8a,ZZQ3952,A4,SW
127,"test_s039 test_s037","192.168.101.1 192.168.101.0",,"ZZP3952 ZZQ3952",A4,NULL
128,"test_s039 test_s037","192.168.101.1 192.168.101.0",,"ZZP3952 ZZQ3952",A4,NULL
129,"test_s038 test_s036",,"11:11:11:ZZ:43:57 11:11:11:ZZ:43:4A","ZZQ3952 ZZQ3952",A4,NULL
130,"test_s038 test_s036",,"11:11:11:ZZ:43:57 11:11:11:ZZ:43:4A","ZZQ3952 ZZQ3952",A4,NULL
131,"test_s017 test_s021","192.168.100.60 192.168.100.64","00:00:00:FE:1C:19 00:00:00:FE:1B:5A",,A4,NULL
132,"test_s017 test_s021","192.168.100.60 192.168.100.64","00:00:00:FE:1C:19 00:00:00:FE:1B:5A",,A4,NULL
133,"test_s018 test_s022","192.168.100.61 192.168.100.65",,"2233-2 Node 7 2233-2 Node 3",A4,NULL
134,"test_s018 test_s022","192.168.100.61 192.168.100.65",,"2233-2 Node 7 2233-2 Node 3",A4,NULL
135,"test_s019 test_s023",,"00:00:00:FE:1C:83 00:00:00:FE:1C:1B","2233-2 Node 6 2233-2 Node 2",A4,NULL
136,"test_s019 test_s023",,"00:00:00:FE:1C:83 00:00:00:FE:1C:1B","2233-2 Node 6 2233-2 Node 2",A4,NULL
137,NULL,"192.168.100.63 192.168.100.67","00:00:00:FE:1B:5B 00:00:00:FE:1C:1A","2233-2 Node 5 2233-2 Node 1",A4,NULL
138,"test_s016 test_s010","192.168.100.48 192.168.100.47",,"2ZZ4-1 Node7 2ZZ4-1 Node2",A4,NULL
139,"test_s016 test_s010","192.168.100.48 192.168.100.47",,"2ZZ4-1 Node7 2ZZ4-1 Node2",A4,NULL
140,"test_s013 test_s009",,"00:00:00:8F:F5:15 0000.008f.f516","2ZZ4-1 Node6 2ZZ4-1 Node1",A4,NULL
141,"test_s013 test_s009",,"00:00:00:8F:F5:15 0000.008f.f516","2ZZ4-1 Node6 2ZZ4-1 Node1",A4,NULL
142,NULL,"192.168.100.50 192.168.100.36","00:00:00:8F:E5:ZZ 0000.00fe.1c12","2ZZ4-1 Node5 2ZZ4-1 Node3",A4,NULL
143,"test_s015 test_s012","192.168.100.51 192.168.100.39","00:00:00:8F:F1:CC 00:00:00:8F:CD:19",,A4,NULL
144,"test_s015 test_s012","192.168.100.51 192.168.100.39","00:00:00:8F:F1:CC 00:00:00:8F:CD:19",,A4,NULL
145,NULL,192.168.100.87,00c0.ZZZZ.46e2,"PDU A",A4,BLUE
146,NULL,192.168.100.88,00c0.ZZZZ.a41c,,A4,"PDU B RED"
147,NULL,192.168.100.89,00c0.ZZZZ.b1ZZ,"PDU A",A4,BLUE
148,NULL,192.168.100.90,00c0.ZZZZ.26f7,,A4,"PDU B RED"
149,test_-dZZ,192.168.100.37,fZZc.123b.fZZa,,A4,NULL
150,NULL,,,"MAC MAC",A5,"Electricity Name Serial Electricity IPMI Serial"
151,NULL,,,"MAC MAC",A5,"Electricity Name Serial Electricity IPMI Serial"
152,NULL,"SW IP: 192.168.101.34","MAC: 54ZZ.3521.e4c4","TAG: ZZ7WM62",A5,"Can t get screens"
153,"test_v020 test_v019","192.168.101.48 192.168.101.45",,"ZZCVM62 ZZDVM62",A5,NULL
154,"test_v020 test_v019","192.168.101.48 192.168.101.45",,"ZZCVM62 ZZDVM62",A5,NULL
155,NULL,,,,A5,empty
156,NULL,"SW IP: 192.168.101.35","MAC: 54ZZ.3521.e430","TAG: ZZZZM62",A5,NULL
157,test_v022,"192.168.101.49 192.168.101.46",,"ZZ6SM62 ZZ5TM62",A5,ml002
158,test_v022,"192.168.101.49 192.168.101.46",,"ZZ6SM62 ZZ5TM62",A5,ml002
159,NULL,,,,A5,empty
160,NULL,"SW IP: 192.168.100.235","MAC: 54ZZ.351d.aZZc","TAG: 6QQ3952",A5,NULL
161,"test_s026 test_s025","192.168.100.ZZ7 192.168.100.ZZ9",,"ZZQ3952 ZZQ3952",A5,NULL
162,"test_s026 test_s025","192.168.100.ZZ7 192.168.100.ZZ9",,"ZZQ3952 ZZQ3952",A5,NULL
163,"test_s040 test_s027",,"11:11:11:ZZ:83:17 11:11:11:ZZ:83:0A","ZZQ3952 ZZQ3952",A5,NULL
164,"test_s040 test_s027",,"11:11:11:ZZ:83:17 11:11:11:ZZ:83:0A","ZZQ3952 ZZQ3952",A5,NULL
165,NULL,"SW IP: 192.168.100.ZZ4","MAC: 54ZZ.3519.4612","TAG: ZZS3852",A5,NULL
166,NULL,"192.168.101.26 192.168.101.25","11:11:11:91:89:0D 11:11:11:91:89:00","ZZSYH42 ZZSYH42",A5,NULL
167,NULL,"192.168.101.68 192.168.101.67","11:11:11:91:89:27 11:11:11:91:89:1A",,A5,"0001 (8disk) ZZb-slave 0001 (8disk) ZZb-slave"
168,NULL,"192.168.101.68 192.168.101.67","11:11:11:91:89:27 11:11:11:91:89:1A",,A5,"0001 (8disk) ZZb-slave 0001 (8disk) ZZb-slave"
169,NULL,"SW IP: 192.168.100.252","MAC: 54ZZ.3520.ca88","TAG: ZZR3952",A5,NULL
170,test_vdb001,"192.168.101.30 192.168.100.253",,"ZZZ3952 ZZR3952",A5,art001
171,test_vdb001,"192.168.101.30 192.168.100.253",,"ZZZ3952 ZZR3952",A5,art001
172,NULL,192.168.101.31,11:11:11:B1:7F:4A,ZZR3952,A5,empty
173,NULL,192.168.101.38,,ZZTTM62,A5,NULL
174,NULL,192.168.100.188,00c0.ZZZZ.79ZZ,"PDU A",A5,BLUE
175,NULL,192.168.100.189,00c0.ZZZZ.79d6,,A5,"PDU B RED"
176,NULL,192.168.100.190,00c0.ZZZZ.91ZZ,"PDU A",A5,BLUE
177,NULL,192.168.100.191,00c0.ZZZZ.79c9,,A5,"PDU B RED"
178,test_-dZZ,192.168.100.238,fZZc.123b.fZZ4,,A5,NULL
179,test_web001,192.168.100.96,,ZZ9845J,A5,NULL
180,test_ps001,192.168.100.202,00:00:00:59:3c:16,,A5,NULL
181,test_p2-ZZ,,f01f.afde.1de1,ZZZ4LZ1,A5,NULL
182,NULL,,,"MAC MAC",A6,"Electricity Name Serial Electricity IPMI Serial"
183,NULL,,,"MAC MAC",A6,"Electricity Name Serial Electricity IPMI Serial"
184,"testite001 test_web004","192.168.100.23 192.168.100.29",,"Up blue(A)cable 178 port 3 Low BLUE(A) cable 189 port 1",A6,
185,"testite001 test_web004","192.168.100.23 192.168.100.29",,"Up blue(A)cable 178 port 3 Low BLUE(A) cable 189 port 1",A6,
186,"test_web003 test_s001",192.168.100.149,00:00:00:83:5c:ff,,A6,NULL
187,"test_web003 test_s001",192.168.100.149,00:00:00:83:5c:ff,,A6,NULL
188,"test_db001 test_s005",,"00:00:00:83:5d:01 00:00:00:ZZ:2f:81",,A6,"low red(B) cable 383 port 16 Low RED(B) cable 399 port 8"
189,"test_db001 test_s005",,"00:00:00:83:5d:01 00:00:00:ZZ:2f:81",,A6,"low red(B) cable 383 port 16 Low RED(B) cable 399 port 8"
190,test_s006,192.168.100.21,00:00:00:4c:46:0e,,A6,rd-db
191,test_s006,192.168.100.21,00:00:00:4c:46:0e,,A6,rd-db
192,NULL,,,"MAC MAC",A6,"Electricity Name Serial Electricity IPMI Serial"
193,NULL,,,"MAC MAC",A6,"Electricity Name Serial Electricity IPMI Serial"
194,NULL,"192.168.100.ZZ 192.168.100.27",,"up blue(A) cable 266 port 4 up blue(A) cable181 port 11",A6,"aaa002 aaa001"
195,NULL,,,"NODE 1",A6,NULL
196,NULL,"192.168.100.ZZ 192.168.100.27",,"up blue(A) cable 266 port 4 up blue(A) cable181 port 11",A6,"aaa002 aaa001"
197,NULL,,,"NODE 4",A6,NULL
198,NULL,"192.168.100.25 192.168.100.26",00:00:00:FE:20:E9,,A6,"qa-art001 zzz001"
199,NULL,,,"NODE 2",A6,NULL
200,NULL,,,"NODE 3",A6,NULL
201,"test_s008 test_s002","192.168.100.143 192.168.100.147",,,A6,"Up red(B) cable ZZZ port 15 Up red(B) cable 395 port 6"
202,"test_s008 test_s002","192.168.100.143 192.168.100.147",,,A6,"Up red(B) cable ZZZ port 15 Up red(B) cable 395 port 6"
203,"test_s007 test_s003","192.168.100.145 192.168.100.146",00:00:00:4c:45:67,,A6,NULL
204,NULL,,,MAC,A6,"Electricity Name IPMI Serial Electricity Name Serial"
205,NULL,,,MAC,A6,"Electricity Name IPMI Serial Electricity Name Serial"
206,testweb001,192.168.100.97,"0000.0088.a08f 0000.0088.a08e",,A6,NULL
207,"test_p2-ZZ test_ZZ-dZZ",192.168.100.102,0000.004c.44f9,,A6,NULL
208,"test_p2-ZZ test_ZZ-dZZ",192.168.100.102,0000.004c.44f9,,A6,NULL
209,test_ZZ-dZZ,"192.168.100.129 192.168.100.104",0000.0088.a2ae,,A6,ptt001
210,test_ZZ-dZZ,"192.168.100.105 192.168.100.142","0000.0088.fd75 00:00:00:4c:45:78",,A6,NULL
211,test_dZZ,,0000.fdf8.f1e6,C6LXD5J,A6,NULL
212,NULL,192.168.100.83,"MAC: 00c0.ZZZZ.b1ZZ","PDU A",A6,BLUE
213,NULL,192.168.100.84,00c0.ZZZZ.ea2e,,A6,"PDU B RED"
214,NULL,192.168.100.85,00c0.ZZZZ.ea29,"PDU A",A6,BLUE
215,NULL,192.168.100.86,00c0.ZZZZ.79ZZ,,A6,"PDU B RED"
216,test,,,,A6,"HW dZZ"
217,NULL,192.168.101.79,,FE53CP0328,A6,NULL
218,NULL,,,"MAC Type",I1,"Electricity Name IPMI Serial Electricity Name"
219,NULL,,,"MAC Type",I1,"Electricity Name IPMI Serial Electricity Name"
220,NULL,192.168.101.116,11:11:11:4C:EE:4A,"hhh002 - 2660",I1,NULL
221,"test_s045 - 2660",192.168.101.118,11:11:11:1C:7C:1A,,I1,NULL
222,"test_s044 - 2660",192.168.101.114,11:11:11:4C:E8:90,,I1,NULL
223,"delltest002 - 2660",192.168.101.115,11:11:11:4C:E7:C0,,I1,NULL
224,"storage storage",,,ZZ1ST72,I1,NULL
225,NULL,192.168.101.111,11:11:11:48:AC:0A,,I1,zzz060
226,NULL,192.168.101.110,11:11:11:48:AC:09,,I1,zzz061
227,NULL,,,"ZZMAA72 ZZNABZZ ZZPAA72",I1,NULL
228,NULL,192.168.101.113,11:11:11:48:A6:50,,I1,zzz063
229,NULL,192.168.101.108,11:11:11:48:A5:80,,I1,zzz062
230,"test_f - 0001",192.168.101.105,11:11:11:4A:96:0A,,I1,NULL
231,"test_f - 0001",192.168.101.107,11:11:11:4A:96:09,,I1,NULL
232,test_rc003,192.168.101.103,11:11:11:4A:90:50,,I1,NULL
233,NULL,,,"ZZ4RT72 ZZ3AA72 ZZZABZZ",I1,NULL
234,test_rc001,192.168.101.102,11:11:11:4A:8F:80,,I1,NULL
235,"storage storage",,,ZZCABZZ,I1,NULL
236,"test_s043 - 2660",192.168.101.97,11:11:11:4A:A2:4A,,I1,NULL
237,"test_s - 2660",192.168.101.98,11:11:11:4A:A2:49,,I1,NULL
238,NULL,192.168.101.99,11:11:11:4A:9C:90,"hhh001 - 2660",I1,NULL
239,"test_s041 - 2660",192.168.101.100,11:11:11:4A:9B:C0,,I1,NULL
240,NULL,,,"ZZBTT72 82BRT72 82BST72",I1,NULL
241,storage,,,"828RT72 ZZ8PT72",I1,NULL
242,NULL,192.168.101.94,11:11:11:50:CE:8A,,I1,alert002
243,test_w020,192.168.101.93,11:11:11:50:CE:89,,I1,NULL
244,test_w018,192.168.101.92,11:11:11:50:C8:ZZ,,I1,NULL
245,test_w019,192.168.101.89,11:11:11:50:C8:00,,I1,NULL
246,test_w021,192.168.101.91,11:11:11:50:CF:F8,,I1,NULL
247,NULL,192.168.101.95,11:11:11:50:CF:F7,,I1,srv001
248,test_w022,192.168.101.90,11:11:11:50:CA:3E,,I1,NULL
249,test_w023,192.168.101.87,11:11:11:50:C8:1A,,I1,NULL
250,NULL,,,"ZZNABZZ ZZNVT72 ZZNTT72",I1,NULL
251,NULL,,,"SWA121 ADC CORE01",I1,NULL
252,NULL,,,"SWA121 ADC CORE02",I1,NULL
253,NULL,"IP: 192.168.101.170","MAC:  2047.4ZZZ.6928","TAG: ZZZZ992",I1,SW
254,"test_bl033 test_bl032","192.168.101.172 192.168.101.171","1C:40:ZZ:88:86:6D 1C:40:ZZ:88:86:60",,I1,NULL
255,"test_bl033 test_bl032","192.168.101.172 192.168.101.171","1C:40:ZZ:88:86:6D 1C:40:ZZ:88:86:60",,I1,NULL
256,"test_bl035 test_bl034","192.168.101.174 192.168.101.1ZZ",,"ZZCM992 ZZZL992",I1,NULL
257,"test_bl035 test_bl034","192.168.101.174 192.168.101.1ZZ",,"ZZCM992 ZZZL992",I1,NULL
258,NULL,"IP: 192.168.101.169","MAC:  2047.4ZZZ.6aee","TAG: ZZWP992",I1,SW
259,"test_bl030 test_bl029",,"1C:40:ZZ:89:0D:3A 1C:40:ZZ:89:0D:20","ZZJK992 ZZGJ992",I1,NULL
260,"test_bl030 test_bl029",,"1C:40:ZZ:89:0D:3A 1C:40:ZZ:89:0D:20","ZZJK992 ZZGJ992",I1,NULL
261,NULL,"192.168.101.178 192.168.101.176","1C:40:ZZ:89:0D:47 1C:40:ZZ:89:0D:2D","ZZJQ992 ZZHL992",I1,NULL
262,test_,,,,I1,"dZZ JBOD"
263,test_,,,,I1,"dZZ JBOD"
264,test_,,,,I1,"HP dZZ"
265,NULL,,,"MAC MAC",I2,"Electricity IPMI Serial Name IPMI"
266,NULL,,,"MAC MAC",I2,"Electricity IPMI Serial Name IPMI"
267,NULL,,18fb.0000.caZZ,T777,I2,NULL
268,test_vt,10.10.12.10,,,I2,NULL
269,NULL,,,"SWA191 ADC CORE02 IPMI 1G",I2,NULL
270,NULL,,,"SWA120 ADC CORE01",I2,NULL
271,NULL,,,"SWA120 ADC CORE02",I2,NULL
272,NULL,,18fb.0000.ZZ93,T777,I2,NULL
273,NULL,,,"MAC MAC",BG8,"Electricity Name Serial Electricity IPMI Serial"
274,NULL,,,"MAC MAC",BG8,"Electricity Name Serial Electricity IPMI Serial"
275,NULL,192.168.101.183,11:11:11:49:70:0A,,BG8,sss001
276,jjZZ05,192.168.101.182,11:11:11:49:70:09,,BG8,NULL
277,NULL,192.168.101.181,11:11:11:9B:9B:9D,,BG8,ooo003
278,test_web-api002,192.168.101.130,11:11:11:49:69:80,,BG8,NULL
279,NULL,192.168.101.185,11:11:11:49:71:78,,BG8,eee001
280,NULL,192.168.101.187,11:11:11:49:71:77,,BG8,sss002
281,test_cr001,192.168.101.188,11:11:11:49:6B:BE,,BG8,NULL
282,NULL,192.168.101.186,11:11:11:49:69:9A,,BG8,node005
283,NULL,,,"ZZZNT72 ZZZTT72 ZZZPT72",BG8,NULL
284,NULL,,0000.000f.6cae,ZZ35348ejy,BG8,vvv001
285,NULL,192.168.101.86,0000.0010.50fe,,BG8,vvv002
286,NULL,192.168.101.139,11:11:11:E0:98:7A,,BG8,zzz071
287,NULL,192.168.101.137,11:11:11:E0:98:79,,BG8,zzz057
288,NULL,,,"ZZBZZ72 ZZ68Z72 ZZ5FZ72",BG8,NULL
289,NULL,192.168.101.140,11:11:11:E0:92:C0,,BG8,zzz059
290,NULL,192.168.101.138,11:11:11:E0:91:F0,,BG8,zzz058
291,NULL,192.168.101.155,11:11:11:11:64:FA,,BG8,sss001
292,NULL,192.168.101.156,11:11:11:11:64:F9,,BG8,sss002
293,NULL,192.168.101.153,11:11:11:11:5F:40,,BG8,sss003
294,NULL,,,"ZZMZZ72 ZZMZZ72 ZZZGZ72",BG8,NULL
295,NULL,192.168.101.154,11:11:11:11:5E:70,,BG8,sss004
296,"storage storage",,,ZZF8Z72,BG8,NULL
297,NULL,192.168.101.158,11:11:11:E8:71:7A,,BG8,zzz065
298,"zzz029test - 7777",192.168.101.159,11:11:11:E8:71:79,,BG8,NULL
299,NULL,192.168.101.160,11:11:11:E8:6B:C0,,BG8,zzz066
300,NULL,192.168.101.161,11:11:11:E8:6A:F0,,BG8,zzz067
301,NULL,,,"ZZ1HZ72 ZZ0GZ72 ZZX6Z72",BG8,NULL
302,storage,,,"ZZZZZ72 ZZ9ZZ72",BG8,NULL
303,test_aps007,,6400.6ac0.3a10,ZZBPT72,BG8,NULL
304,NULL,192.168.101.211,11:11:11:3b:6a:2c,,BG8,vvv009
305,NULL,192.168.101.212,,ZZJ61417H4,BG8,vvv008
306,NULL,,,MAC,BG9,"Name IPMI Electricity Name IPMI Serial"
307,NULL,,,MAC,BG9,"Name IPMI Electricity Name IPMI Serial"
308,"test_bl025 test_bl023","192.168.101.53 192.168.101.51",,"ZZWXZZZ ZZVGZZZ",BG9,NULL
309,"test_bl025 test_bl023","192.168.101.53 192.168.101.51",,"ZZWXZZZ ZZVGZZZ",BG9,NULL
310,NULL,192.168.101.52,11:11:11:18:52:5A,ZZYSM62,BG9,empty
311,NULL,192.168.101.54,,ZZZWM62,BG9,"mmcc008 empty"
312,NULL,192.168.101.56,11:11:11:18:2D:A8,ZZ3KZZZ,BG9,NULL
313,test_db007,,"11:11:11:17:8E:4D 11:11:11:17:8E:40","ZZ30N62 ZZ0Y762",BG9,empty
314,test_db007,,"11:11:11:17:8E:4D 11:11:11:17:8E:40","ZZ30N62 ZZ0Y762",BG9,empty
315,NULL,"192.168.101.61 192.168.101.60","11:11:11:17:8E:67 11:11:11:17:8E:5A","ZZ6SZZZ ZZ3DZZZ",BG9,NULL
316,"test_bl020 test_bl021","192.168.101.62 192.168.101.63",,"ZZZZM62 ZZ1FZZZ",BG9,NULL
317,"test_bl020 test_bl021","192.168.101.62 192.168.101.63",,"ZZZZM62 ZZ1FZZZ",BG9,NULL
318,NULL,192.168.101.64,11:11:11:0D:CB:5A,ZZZZZZZ,BG9,empty
319,NULL,"SW IP: 192.168.101.44","MAC: 54:ZZ:35:25:11:82","TAG: ZZ0FZZZ",BG9,NULL
320,"test_bl028 2222 (256GB mem)","192.168.101.66 192.168.101.65","11:11:11:37:6B:8D 11:11:11:37:6B:80",,BG9,qa04
321,"test_bl028 2222 (256GB mem)","192.168.101.66 192.168.101.65","11:11:11:37:6B:8D 11:11:11:37:6B:80",,BG9,qa04
322,NULL,192.168.101.78,0000.0010.b10e,,BG9,vvv005
323,NULL,192.168.101.77,,ZZ35348ejw,BG9,vvv003
324,test_s046,192.168.101.143,11:11:11:E1:50:3A,,BG9,NULL
325,"test_s047 - 2660",192.168.101.142,11:11:11:E1:50:39,,BG9,NULL
326,NULL,192.168.101.145,11:11:11:E1:4A:80,,BG9,zzz056
327,NULL,192.168.101.144,11:11:11:E1:49:B0,,BG9,zzz055
328,"storage storage",,,ZZZZZ72,BG9,NULL
329,NULL,192.168.101.163,11:11:11:E1:74:FA,,BG9,zzz052
330,NULL,192.168.101.165,11:11:11:E1:74:F9,,BG9,zzz068
331,NULL,,,"ZZ7FZ72 ZZ88Z72 ZZ8ZZ72",BG9,NULL
332,NULL,192.168.101.164,11:11:11:E1:6F:40,,BG9,zzz053
333,NULL,192.168.101.166,11:11:11:E1:6E:70,,BG9,zzz054
334,"delltest3 - 7777",192.168.101.148,11:11:11:E8:89:FA,,BG9,NULL
335,"test_s - 7777",192.168.101.150,11:11:11:E8:89:F9,,BG9,NULL
336,"testdell83 - 7777",192.168.101.149,11:11:11:E8:84:40,,BG9,NULL
337,NULL,,,"ZZZZZ72 ZZZ6Z72 ZZKZZ72",BG9,NULL
338,NULL,192.168.101.151,11:11:11:E8:83:70,,BG9,zzz002
339,"storage storage",,,ZZZZZ72,BG9,NULL
340,NULL,192.168.101.213,11:11:11:02:f8:22,,BG9,vvv006
341,NULL,192.168.101.214,,ZZJ61417H1,BG9,vvv007
342,NULL,,,"MAC MAC",IBM-A1,"Electricity IPMI Serial Name IPMI"
343,NULL,,,"MAC MAC",IBM-A1,"Electricity IPMI Serial Name IPMI"
344,NULL,,,"MAC MAC",IBM-A1,"Electricity IPMI Serial Name IPMI"
345,ddZZ16,192.168.104.252,11:11:11:9C:01:63,,IBM-A1,NULL
346,ddZZ14,192.168.104.251,11:11:11:9C:00:05,,IBM-A1,NULL
347,ddZZ13,192.168.104.ZZ3,11:11:11:9C:00:D3,,IBM-A1,NULL
348,NULL,,,"ZZL68ZZ ZZJ88ZZ ZZK98ZZ",IBM-A1,NULL
349,ddZZ15,192.168.104.ZZZ,11:11:11:9C:00:C1,,IBM-A1,NULL
350,"storage storage",,,ZZV18ZZ,IBM-A1,NULL
351,ddZZ12,192.168.104.250,11:11:11:9C:00:2F,,IBM-A1,NULL
352,ddZZ11,192.168.104.ZZ9,11:11:11:9C:01:A7,,IBM-A1,NULL
353,ddZZ10,192.168.104.ZZ8,11:11:11:9B:FE:63,,IBM-A1,NULL
354,ddZZ09,192.168.104.ZZ7,11:11:11:9B:FF:4B,,IBM-A1,NULL
355,NULL,,,"36698ZZ ZZ638ZZ 36468ZZ",IBM-A1,NULL
356,storage,,,"ZZZ68ZZ ZZZ18ZZ",IBM-A1,NULL
357,"ddZZ04 db",192.168.104.235,11:11:11:9B:FF:67,,IBM-A1,NULL
358,"ddZZ05 db",192.168.104.234,11:11:11:9C:76:2D,,IBM-A1,NULL
359,"ddZZ07 db",192.168.104.233,11:11:11:9C:02:51,,IBM-A1,NULL
360,"ddZZ08 db",192.168.104.232,11:11:11:9C:05:ZZ,,IBM-A1,NULL
361,"ddZZ06 db",192.168.104.ZZ0,11:11:11:9B:FD:F3,,IBM-A1,NULL
362,"ddZZ02 db",192.168.104.239,11:11:11:9B:FE:A1,,IBM-A1,NULL
363,"ddZZ01 db",192.168.104.238,11:11:11:9B:FE:43,,IBM-A1,NULL
364,"ddZZ03 db",192.168.104.237,11:11:11:9B:FE:D9,,IBM-A1,NULL
365,NULL,,,"1ZZ78ZZ 1ZZ48ZZ 1ZZ18ZZ",IBM-A1,NULL
366,"test_v027 test_v028","192.168.104.220 192.168.104.221",,"8ZZ1VZZ 8ZZWTZZ",IBM-A1,NULL
367,"test_v027 test_v028","192.168.104.220 192.168.104.221",,"8ZZ1VZZ 8ZZWTZZ",IBM-A1,NULL
368,NULL,,,,IBM-A1,empty
369,"test_v026 test_v025",,"11:11:11:9D:32:ZZ 11:11:11:9D:36:99","ZZBTTZZ ZZ90VZZ",IBM-A1,NULL
370,"test_v026 test_v025",,"11:11:11:9D:32:ZZ 11:11:11:9D:36:99","ZZBTTZZ ZZ90VZZ",IBM-A1,NULL
371,test_vt,,0000.0010.0042,ZZ35348H9T,IBM-A1,NULL
372,test_vt,192.168.105.22,1402.ec48.c7aa,,IBM-A1,NULL
373,NULL,192.168.105.55,11:11:11:9E:7C:07,,IBM-A1,"7777 (v3)"
374,NULL,192.168.105.54,11:11:11:9E:5C:F3,,IBM-A1,"7777 (v3)"
375,NULL,,,"18Z50ZZ 1ZZ60ZZ 18ZZ0ZZ",IBM-A1,NULL
376,NULL,192.168.105.53,11:11:11:9E:5C:EB,,IBM-A1,"7777 (v3)"
377,NULL,192.168.105.52,11:11:11:9E:76:71,,IBM-A1,"7777 (v3)"
378,storage001,192.168.105.28,14:9E:CF:4B:08:60,,IBM-A1,NULL
379,NULL,,,"REAR VIEW OF IBM-A2",IBM-A2,done
380,NULL,,,"MAC MAC",IBM-A2,"Electricity Name Serial Electricity IPMI Serial"
381,NULL,,,"MAC MAC",IBM-A2,"Electricity Name Serial Electricity IPMI Serial"
382,NULL,"192.168.104.210 192.168.104.207","11:11:11:9D:2C:C7 11:11:11:9D:2F:1F",,IBM-A2,"node022 node032"
383,NULL,"192.168.104.210 192.168.104.207","11:11:11:9D:2C:C7 11:11:11:9D:2F:1F",,IBM-A2,"node022 node032"
384,NULL,,11:11:11:9D:2E:87,ZZZZQ92,IBM-A2,"empty node033"
385,NULL,"192.168.104.204 192.168.104.203","11:11:11:9D:2F:41 11:11:11:9D:2F:95",,IBM-A2,"node023 node0ZZ"
386,NULL,"192.168.104.204 192.168.104.203","11:11:11:9D:2F:41 11:11:11:9D:2F:95",,IBM-A2,"node023 node0ZZ"
387,NULL,"192.168.104.206 192.168.104.208",,"ZZWSQ92 ZZWPQ92",IBM-A2,"node021 node031"
388,NULL,"192.168.104.206 192.168.104.208",,"ZZWSQ92 ZZWPQ92",IBM-A2,"node021 node031"
389,NULL,192.168.104.205,11:11:11:9D:2F:C5,ZZXLQ92,IBM-A2,empty
390,NULL,192.168.104.197,6400.6ac3.2750,,IBM-A2,"QV server (office-it)"
391,NULL,,,"ADC CORE01 SWA105",IBM-A2,NULL
392,NULL,,,"ADC CORE02 SWA105",IBM-A2,NULL
393,NULL,192.168.105.60,11:11:11:9E:7C:41,,IBM-A2,"7777 (v3)"
394,test_rc014,192.168.105.59,11:11:11:9E:75:45,,IBM-A2,NULL
395,test_rc016,192.168.105.58,11:11:11:9E:7B:5B,,IBM-A2,NULL
396,NULL,,,"ZZZZ0ZZ ZZ910ZZ ZZZZ0ZZ",IBM-A2,NULL
397,test_rc015,192.168.105.56,11:11:11:9E:78:FF,,IBM-A2,NULL
398,storage,,,,IBM-A2,NULL
399,test_vt,192.168.104.216,,,IBM-A2,NULL
400,test_vt,192.168.104.218,,,IBM-A2,NULL
401,test_vt,192.168.104.217,,,IBM-A2,NULL
402,test_,,,,IBM-A2,"HP dZZ DISKS"
403,test_,,,,IBM-A2,"HP dZZ"
404,NULL,,,"REAR VIEW OF IBM1",IBM-A3,NULL
405,NULL,,,MAC,IBM-A3,"Electricity Name IPMI Serial Electricity Name Serial"
406,NULL,,,MAC,IBM-A3,"Electricity Name IPMI Serial Electricity Name Serial"
407,NULL,192.168.104.ZZ,11:11:11:E5:86:3A,,IBM-A3,nnn001
408,NULL,192.168.104.59,11:11:11:E5:86:39,,IBM-A3,zzz001
409,NULL,,,"ZZZZZ72 ZZXFZ72 ZZWFZ72",IBM-A3,NULL
410,NULL,192.168.104.46,11:11:11:E5:80:80,,IBM-A3,zzz075
411,NULL,192.168.104.180,11:11:11:E5:7F:B0,,IBM-A3,nnn005
412,NULL,192.168.104.195,11:11:11:E1:43:FA,,IBM-A3,zzz041
413,NULL,192.168.104.52,11:11:11:E1:43:F9,,IBM-A3,zzz043
414,NULL,192.168.104.188,11:11:11:E1:3E:40,,IBM-A3,zzz045
415,NULL,192.168.104.181,11:11:11:E1:3D:70,,IBM-A3,zzz044
416,"storage storage",,,ZZSFZ72,IBM-A3,NULL
417,NULL,192.168.104.154,11:11:11:E8:96:3A,,IBM-A3,zzz074
418,NULL,192.168.104.189,11:11:11:E8:96:39,,IBM-A3,nnn002
419,NULL,,,"ZZPGZ72 ZZP6Z72 ZZP8Z72",IBM-A3,NULL
420,NULL,192.168.104.91,11:11:11:E8:90:80,,IBM-A3,zzz072
421,NULL,192.168.104.178,11:11:11:E8:8F:B0,,IBM-A3,zzz0ZZ
422,NULL,192.168.104.61,11:11:11:E0:05:7A,,IBM-A3,nnn008
423,NULL,192.168.104.190,11:11:11:E0:05:79,,IBM-A3,nnn007
424,NULL,192.168.104.55,11:11:11:DF:FF:C0,,IBM-A3,nnn006
425,NULL,192.168.104.187,11:11:11:DF:FE:F0,,IBM-A3,nnn004
426,"storage storage",,,ZZ1GZ72,IBM-A3,NULL
427,NULL,192.168.104.155,11:11:11:DF:1C:BA,,IBM-A3,zzz049
428,NULL,192.168.104.104,11:11:11:DF:1C:ZZ,,IBM-A3,zzz002
429,NULL,,,"ZZ4FZ72 ZZZZZ72 ZZZZZ72",IBM-A3,NULL
430,NULL,192.168.104.1ZZ,11:11:11:DF:17:00,,IBM-A3,nnn003
431,NULL,192.168.104.113,11:11:11:DF:16:30,,IBM-A3,zzz050
432,NULL,192.168.104.109,11:11:11:DD:EA:7A,,IBM-A3,zzz047
433,NULL,192.168.104.107,11:11:11:DD:EA:79,,IBM-A3,nnn014
434,NULL,192.168.104.108,11:11:11:DD:E4:C0,,IBM-A3,zzz048
435,NULL,,,"ZZPGZ72 ZZPZZ72 ZZNGZ72",IBM-A3,NULL
436,NULL,192.168.104.182,11:11:11:DD:E3:F0,,IBM-A3,zzz064
437,"storage storage",,,ZZZDZ72,IBM-A3,NULL
438,"test_s 7777",192.168.104.54,11:11:11:E9:10:BA,,IBM-A3,NULL
439,"test_s 7777",192.168.104.51,11:11:11:E9:10:ZZ,,IBM-A3,NULL
440,NULL,192.168.104.53,11:11:11:E9:0B:00,"zzz077 7777",IBM-A3,NULL
441,"test_s 7777",192.168.104.69,11:11:11:E9:0A:30,,IBM-A3,NULL
442,NULL,,,"DZZ8Z72 ZZMGZ72 ZZMFZ72",IBM-A3,NULL
443,storage,,,"ZZJ8Z72 ZZJZZ72",IBM-A3,NULL
444,NULL,,,"ADC CORE01 SWA111",IBM-A3,IPMI
445,NULL,,,"ADC CORE01 SWA101",IBM-A3,NULL
446,NULL,,,"ADC CORE02 SWA101",IBM-A3,NULL
447,NULL,,,"ADC CORE01 SWA102",IBM-A3,NULL
448,NULL,,,"ADC CORE02 SWA102",IBM-A3,NULL
449,NULL,192.168.104.65,11:11:11:E6:4A:3A,"nnn016 7777",IBM-A3,NULL
450,NULL,192.168.104.75,11:11:11:E6:4A:39,,IBM-A3,zzz076
451,NULL,192.168.104.56,11:11:11:E6:44:80,,IBM-A3,nnn004
452,NULL,192.168.104.179,11:11:11:E6:43:B0,,IBM-A3,zzz046
453,NULL,,,"ZZJGZ72 ZZJFZ72 ZZJDZ72",IBM-A3,NULL
454,NULL,192.168.104.66,11:11:11:E1:8D:7A,,IBM-A3,zzz021
455,NULL,192.168.104.156,11:11:11:E1:8D:79,,IBM-A3,zzz035
456,NULL,192.168.104.64,11:11:11:E1:87:C0,,IBM-A3,zzz036
457,NULL,,,"ZZ1DZ72 BZZDZ72 ZZ0GZ72",IBM-A3,NULL
458,NULL,192.168.104.183,11:11:11:E1:86:F0,,IBM-A3,zzz037
459,"storage storage",,,BZZ6Z72,IBM-A3,NULL
460,NULL,192.168.104.149,11:11:11:11:95:FA,"nnn015 7777",IBM-A3,NULL
461,NULL,192.168.104.142,11:11:11:11:95:F9,,IBM-A3,zzz002
462,NULL,192.168.104.134,11:11:11:11:90:40,,IBM-A3,zzz042
463,test_rc006,192.168.104.140,11:11:11:11:8F:70,,IBM-A3,NULL
464,NULL,,,"DZZ8Z72 DZZGZ72 DZZDZ72",IBM-A3,NULL
465,storage,,,"ZZDFZ72 ZZCGZ72",IBM-A3,NULL
466,NULL,192.168.104.74,11:11:11:E1:68:BA,,IBM-A3,sss005
467,NULL,192.168.104.62,11:11:11:E1:68:ZZ,,IBM-A3,sss006
468,testite006,192.168.104.185,11:11:11:E1:63:00,,IBM-A3,NULL
469,testite005,192.168.104.177,11:11:11:E1:62:30,,IBM-A3,NULL
470,"storage storage",,,ZZY6Z72,IBM-A3,NULL
471,"test_s 7777",192.168.104.50,11:11:11:DF:7E:BA,,IBM-A3,NULL
472,NULL,192.168.104.70,11:11:11:DF:7E:ZZ,,IBM-A3,zzz038
473,NULL,,,"ZZMZZ72 ZZL8Z72 ZZLDZ72",IBM-A3,NULL
474,NULL,192.168.104.44,11:11:11:DF:79:00,,IBM-A3,zzz040
475,NULL,192.168.104.174,11:11:11:DF:78:30,,IBM-A3,zzz039
476,NULL,192.168.104.141,11:11:11:E0:E1:FA,,IBM-A3,sss007
477,NULL,192.168.104.153,11:11:11:E0:E1:F9,,IBM-A3,sss008
478,testite007,192.168.104.186,11:11:11:E0:DC:40,,IBM-A3,NULL
479,NULL,,,"ZZ9ZZ72 ZZ8ZZ72 ZZ5FZ72",IBM-A3,NULL
480,testite008,192.168.104.175,11:11:11:E0:DB:70,,IBM-A3,NULL
481,"storage storage",,,ZZ6GZ72,IBM-A3,NULL
482,NULL,,,"REAR VIEW OF IBM2 IBM-A4",IBM-A4,NULL
483,NULL,,,MAC,IBM-A4,"Electricity Name IPMI Serial Electricity Name Serial"
484,NULL,,,MAC,IBM-A4,"Electricity Name IPMI Serial Electricity Name Serial"
485,NULL,192.168.104.79,11:11:11:11:F7:FA,,IBM-A4,zzz079
486,NULL,192.168.104.77,11:11:11:11:F7:F9,,IBM-A4,"nnn012 (7777)"
487,NULL,,,"ZZZZZ72 ZZXDZ72 ZZWZZ72",IBM-A4,NULL
488,NULL,192.168.104.78,11:11:11:11:F2:40,,IBM-A4,"nnn013 (7777)"
489,NULL,192.168.104.76,11:11:11:11:F1:70,,IBM-A4,zzz078
490,NULL,192.168.104.43,11:11:11:11:40:3A,,IBM-A4,"nnn009 (7777)"
491,NULL,192.168.104.81,11:11:11:11:40:39,,IBM-A4,"nnn010 (7777)"
492,NULL,192.168.104.84,11:11:11:11:3A:80,,IBM-A4,"nnn011 (7777)"
493,NULL,,,"ZZKFZ72 ZZKGZ72 ZZK8Z72",IBM-A4,NULL
494,NULL,192.168.104.82,11:11:11:11:39:B0,,IBM-A4,"zzz070 (7777)"
495,"storage storage",,,ZZSZZ72,IBM-A4,NULL
496,NULL,192.168.104.85,11:11:11:11:AE:7A,,IBM-A4,"zzz069 (7777)"
497,NULL,192.168.104.94,11:11:11:11:AE:79,"zzz032 7777",IBM-A4,NULL
498,NULL,192.168.104.90,11:11:11:11:A8:C0,"zzz033 7777",IBM-A4,NULL
499,NULL,192.168.104.89,11:11:11:11:A7:F0,"zzz034 7777",IBM-A4,NULL
500,NULL,,,"ZZZZZ72 ZZZZZ72 ZZ9DZ72",IBM-A4,NULL
501,storage,,,"ZZMZZ72 ZZLZZ72",IBM-A4,NULL
502,NULL,192.168.104.86,11:11:11:E0:C9:7A,"zzz026 2660",IBM-A4,NULL
503,NULL,192.168.104.102,11:11:11:E0:C9:79,"zzz025 2660",IBM-A4,NULL
504,NULL,192.168.104.96,11:11:11:E0:C3:C0,"zzz030 2660",IBM-A4,NULL
505,NULL,192.168.104.97,11:11:11:E0:ZZ:F0,"zzz029 2660",IBM-A4,NULL
506,"storage storage",,,ZZZ8Z72,IBM-A4,NULL
507,NULL,192.168.104.110,11:11:11:ZZ:FF:4A,,IBM-A4,zzz031
508,test_s,192.168.104.103,11:11:11:ZZ:FF:49,,IBM-A4,NULL
509,NULL,,,"ZZKZZ72 ZZKZZ72 ZZKZZ72",IBM-A4,NULL
510,NULL,192.168.104.99,11:11:11:ZZ:F9:90,,IBM-A4,zzz027
511,NULL,192.168.104.98,11:11:11:ZZ:F8:C0,,IBM-A4,zzz028
512,NULL,192.168.104.115,11:11:11:E1:06:BA,,IBM-A4,NULL
513,NULL,192.168.104.112,11:11:11:E1:06:ZZ,,IBM-A4,zzz022
514,NULL,192.168.104.101,11:11:11:E1:01:00,,IBM-A4,zzz023
515,NULL,,,"ZZZ8Z72 ZZZZZ72 ZZZZZ72",IBM-A4,NULL
516,NULL,192.168.104.105,11:11:11:E1:00:30,,IBM-A4,zzz0ZZ
517,"storage storage",,,ZZZ8Z72,IBM-A4,NULL
518,testite010,192.168.104.121,11:11:11:E1:37:BA,,IBM-A4,NULL
519,test_rc011,192.168.104.118,11:11:11:E1:37:ZZ,,IBM-A4,NULL
520,test_rc012,192.168.104.106,11:11:11:E1:32:00,,IBM-A4,NULL
521,testite009,192.168.104.111,11:11:11:E1:31:30,,IBM-A4,NULL
522,NULL,,,"ZZCDZ72 ZZZZZ72 ZZ9GZ72",IBM-A4,NULL
523,storage,,,"ZZ3DZ72 ZZZZZ72",IBM-A4,NULL
524,NULL,,,"ADC CORE01 SWA103",IBM-A4,NULL
525,NULL,,,"ADC CORE02 SWA103",IBM-A4,NULL
526,NULL,,,"ADC CORE01 SWA104",IBM-A4,NULL
527,NULL,,,"ADC CORE02 SWA104",IBM-A4,NULL
528,"test_s 2660",192.168.104.128,11:11:11:E1:5C:7A,,IBM-A4,NULL
529,NULL,192.168.104.119,11:11:11:E1:5C:79,,IBM-A4,zzz016
530,NULL,192.168.104.116,11:11:11:E1:56:C0,,IBM-A4,zzz020
531,NULL,192.168.104.114,11:11:11:E1:55:F0,"zzz019 2660",IBM-A4,NULL
532,NULL,,,"ZZZZZ72 ZZRGZ72 ZZPFZ72",IBM-A4,NULL
533,storage,,,"ZZJZZ72 ZZHDZ72",IBM-A4,NULL
534,NULL,192.168.104.130,11:11:11:E1:12:FA,,IBM-A4,zzz015
535,NULL,192.168.104.126,11:11:11:E1:12:F9,,IBM-A4,zzz014
536,NULL,192.168.104.120,11:11:11:E1:0D:40,,IBM-A4,zzz018
537,NULL,192.168.104.167,11:11:11:E1:0C:70,,IBM-A4,zzz017
538,"storage storage",,,ZZZ6Z72,IBM-A4,NULL
539,NULL,192.168.104.169,11:11:11:E1:1F:3A,,IBM-A4,zzz010
540,NULL,192.168.104.168,11:11:11:E1:1F:39,,IBM-A4,zzz011
541,NULL,,,"ZZKDZ72 ZZJZZ72 ZZGGZ72",IBM-A4,NULL
542,NULL,192.168.104.127,11:11:11:E1:19:80,,IBM-A4,zzz013
543,NULL,192.168.104.122,11:11:11:E1:18:B0,,IBM-A4,zzz012
544,test_rc008,192.168.104.138,11:11:11:E1:A5:FA,,IBM-A4,NULL
545,test_rc007,192.168.104.131,11:11:11:E1:A5:F9,,IBM-A4,NULL
546,test_rc009,192.168.104.132,11:11:11:E1:A0:40,,IBM-A4,NULL
547,NULL,,,"ZZZZZ72 ZZD8Z72 ZZZZZ72",IBM-A4,NULL
548,test_rc010,192.168.104.163,11:11:11:E1:ZZ:70,,IBM-A4,NULL
549,"storage storage",,,ZZL8Z72,IBM-A4,NULL
550,NULL,192.168.104.147,11:11:11:E5:ZZ:3A,"zzz006 7777",IBM-A4,NULL
551,NULL,192.168.104.165,11:11:11:E5:ZZ:39,"zzz007 7777",IBM-A4,NULL
552,NULL,192.168.104.164,11:11:11:E5:B1:80,"zzz009 7777",IBM-A4,NULL
553,NULL,192.168.104.133,11:11:11:E5:B0:B0,,IBM-A4,zzz008
554,NULL,,,"ZZVZZ72 ZZTZZ72 ZZSDZ72",IBM-A4,NULL
555,storage,,,"ZZHZZ72 ZZFDZ72",IBM-A4,NULL
556,test_rc002,192.168.104.42,11:11:11:E1:99:BA,,IBM-A4,NULL
557,test_rc013,192.168.104.159,11:11:11:E1:99:ZZ,,IBM-A4,NULL
558,test_rc005,192.168.104.158,11:11:11:E1:94:00,,IBM-A4,NULL
559,test_rc004,192.168.104.1ZZ,11:11:11:E1:93:30,,IBM-A4,NULL
560,"storage storage",,,ZZHZZ72,IBM-A4,NULL
561,NULL,192.168.104.151,11:11:11:11:A2:3A,,IBM-A4,zzz003
562,"test_s 7777",192.168.104.148,11:11:11:11:A2:39,,IBM-A4,NULL
563,NULL,,,"ZZZZZ72 ZZ8DZ72 ZZ88Z72",IBM-A4,NULL
564,NULL,192.168.104.146,11:11:11:11:9C:80,,IBM-A4,zzz005
565,NULL,192.168.104.139,11:11:11:11:9B:B0,,IBM-A4,zzz004
566,NULL,,,"MAC MAC",IBM-A5,"Electricity IPMI Serial Name IPMI"
567,NULL,,,"MAC MAC",IBM-A5,"Electricity IPMI Serial Name IPMI"
568,NULL,,,"MAC MAC",IBM-A5,"Electricity IPMI Serial Name IPMI"
569,"test_f064 7777 (v3)",192.168.105.36,11:11:11:9E:77:9B,,IBM-A5,NULL
570,"test_f067 7777 (v3)",192.168.105.34,11:11:11:9E:75:5F,,IBM-A5,NULL
571,"test_f065 7777 (v3)",192.168.105.33,11:11:11:9E:76:F1,,IBM-A5,NULL
572,"test_f066 7777 (v3)",192.168.105.32,11:11:11:9E:77:A1,,IBM-A5,NULL
573,NULL,192.168.105.40,11:11:11:9E:5C:A1,,IBM-A5,"7777 (v3)"
574,NULL,192.168.105.39,11:11:11:9E:77:BB,,IBM-A5,"7777 (v3)"
575,NULL,192.168.105.38,11:11:11:9E:5C:FB,,IBM-A5,"7777 (v3)"
576,NULL,192.168.105.37,11:11:11:9E:5A:4B,,IBM-A5,"7777 (v3)"
577,NULL,,,"196ZZZZ 19750ZZ 19670ZZ",IBM-A5,NULL
578,test_vt,192.168.105.20,,ZZJ61603R8,IBM-A5,NULL
579,test_vt,,1402.ec02.7808,ZZJ61603RC,IBM-A5,NULL
580,NULL,"192.168.105.4 192.168.105.2","11:11:11:9D:97:ZZ 11:11:11:9D:AD:83","ZZZZWZZ ZZ3DWZZ",IBM-A5,NULL
581,"test_bl039 test_bl038","192.168.105.10 192.168.105.8","11:11:11:9D:ZZ:41 11:11:11:9D:84:03",,IBM-A5,NULL
582,"test_bl039 test_bl038","192.168.105.10 192.168.105.8","11:11:11:9D:ZZ:41 11:11:11:9D:84:03",,IBM-A5,NULL
583,"test_bl041 test_bl040",,"11:11:11:9D:FF:59 11:11:11:9E:02:F3","CSNFWZZ CSN8WZZ",IBM-A5,NULL
584,"test_bl041 test_bl040",,"11:11:11:9D:FF:59 11:11:11:9E:02:F3","CSNFWZZ CSN8WZZ",IBM-A5,NULL
585,NULL,"192.168.105.15 192.168.105.13","11:11:11:9E:00:C7 11:11:11:9D:FF:91","CSPDWZZ CSP8WZZ",IBM-A5,NULL
586,NULL,"192.168.105.5 192.168.105.6",,"qa07 (2222 V4) ZZL8WZZ qa05 (2222 V4) ZZKDWZZ",IBM-A5,NULL
587,NULL,"192.168.105.5 192.168.105.6",,"qa07 (2222 V4) ZZL8WZZ qa05 (2222 V4) ZZKDWZZ",IBM-A5,NULL
588,"test_bl044 (2222 V4)",,"11:11:11:9C:EB:ED 11:11:11:9D:97:CF","qa06 (2222 V4) ZZMZZZZ ZZLGWZZ",IBM-A5,NULL
589,"test_bl044 (2222 V4)",,"11:11:11:9C:EB:ED 11:11:11:9D:97:CF","qa06 (2222 V4) ZZMZZZZ ZZLGWZZ",IBM-A5,NULL
590,NULL,,,"ADC CORE01 SWA107",IBM-A5,NULL
591,NULL,,,"ADC CORE02 SWA107",IBM-A5,NULL
592,NULL,192.168.105.50,11:11:11:9E:7B:75,,IBM-A5,"7777 (v3)"
593,NULL,192.168.105.47,11:11:11:9E:5A:A1,,IBM-A5,"7777 (v3)"
594,NULL,192.168.105.46,11:11:11:9E:77:AD,,IBM-A5,"7777 (v3)"
595,NULL,,,"19650ZZ 194ZZZZ 19450ZZ",IBM-A5,NULL
596,NULL,192.168.105.43,11:11:11:9E:77:49,,IBM-A5,"7777 (v3)"
597,storage,,,,IBM-A5,NULL
598,"test_f069 7777 (v3)",192.168.105.49,11:11:11:9E:5A:4F,,IBM-A5,NULL
599,NULL,192.168.105.48,11:11:11:9E:77:F7,,IBM-A5,"7777 (v3)"
600,NULL,,,"1ZZ50ZZ 19C60ZZ 19ZZ0ZZ",IBM-A5,NULL
601,"test_f068 7777 (v3)",192.168.105.44,11:11:11:9E:5B:D5,,IBM-A5,NULL
602,"test_f070 7777 (v3)",192.168.105.42,11:11:11:9E:77:ZZ,,IBM-A5,NULL
603,test_,,,,IBM-A5,"db10 JBOD  1"
604,test_,,,,IBM-A5,"db10 JBOD  2"
605,NULL,,,"REAR VIEW OF IBM1",IBM-B4,NULL
606,NULL,,,MAC,IBM-B4,"Electricity Name IPMI Serial Electricity Name Serial"
607,NULL,,,MAC,IBM-B4,"Electricity Name IPMI Serial Electricity Name Serial"
608,NULL,,,"ADC CORE11 SWA114",IBM-B4,NULL
609,NULL,,,"ADC CORE12 SWA114",IBM-B4,NULL
610,NULL,,,,IBM-B4,ZZ
611,NULL,192.168.105.80,11:11:11:9D:A8:F1,,IBM-B4,RRR
612,NULL,192.168.105.86,11:11:11:9D:C3:F1,,IBM-B4,RRR
613,NULL,,,"ZZZGWZZ ZZZ8WZZ ZZYDWZZ",IBM-B4,NULL
614,NULL,192.168.105.85,11:11:11:9D:A8:A9,,IBM-B4,RRR
615,NULL,192.168.105.77,11:11:11:9D:C3:6B,,IBM-B4,RRR
616,NULL,192.168.105.84,11:11:11:9D:A8:81,,IBM-B4,RRR
617,NULL,192.168.105.83,11:11:11:9D:A9:27,,IBM-B4,RRR
618,NULL,192.168.105.82,11:11:11:9D:A9:A7,,IBM-B4,RRR
619,NULL,192.168.105.81,11:11:11:9D:A8:ZZ,,IBM-B4,RRR
620,ddZZZ0,192.168.105.69,11:11:11:9E:5B:EB,,IBM-B4,NULL
621,ddZZ19,192.168.105.71,11:11:11:9E:5A:5F,,IBM-B4,NULL
622,ddZZ18,192.168.105.72,11:11:11:9E:59:EF,,IBM-B4,NULL
623,NULL,,,"ZZY20ZZ ZZZ70ZZ ZZ450ZZ",IBM-B4,NULL
624,ddZZ17,192.168.105.ZZ,11:11:11:9E:78:09,,IBM-B4,NULL
625,storage,,,,IBM-B4,NULL
626,NULL,192.168.105.65,11:11:11:9E:7B:C9,,IBM-B4,
627,NULL,192.168.105.67,11:11:11:9E:78:E1,,IBM-B4,
628,NULL,,,"ZZ810ZZ ZZ540ZZ ZZZZ0ZZ",IBM-B4,NULL
629,test_f063,192.168.105.62,11:11:11:9E:79:93,,IBM-B4,NULL
630,test_f062,192.168.105.68,11:11:11:9E:7C:43,,IBM-B4,NULL
631,NULL,,,T999,IBM-B4,NULL
632,NULL,,,MAC,IBM-B5,"Name IPMI Electricity Name IPMI Serial"
633,NULL,,,MAC,IBM-B5,"Name IPMI Electricity Name IPMI Serial"
634,NULL,192.168.105.129,14:9E:CF:8F:4B:60,,IBM-B5,
635,NULL,192.168.105.133,14:9E:CF:8F:4B:6D,,IBM-B5,
636,NULL,192.168.105.130,14:9E:CF:8F:4B:7A,,IBM-B5,
637,NULL,,,"ADC CORE01 SWA112 COPPER",IBM-B5,NULL
638,NULL,,,"ADC CORE11 SWA115",IBM-B5,NULL
639,NULL,,,"ADC CORE12 SWA115",IBM-B5,NULL
640,test_smgmt001,192.168.105.121,11:11:11:9D:A9:D5,,IBM-B5,NULL
641,NULL,192.168.105.116,11:11:11:9D:C3:F5,,IBM-B5,
642,test_web-api001,192.168.105.96,11:11:11:9D:A9:ZZ,,IBM-B5,NULL
643,NULL,192.168.105.98,11:11:11:9D:AA:0F,,IBM-B5,
644,NULL,,,"ZZTBWZZ 4AZZWZZ ZZSZZZZ",IBM-B5,NULL
645,NULL,192.168.105.114,11:11:11:9D:AA:23,,IBM-B5,
646,NULL,192.168.105.117,11:11:11:9D:A9:EB,,IBM-B5,
647,NULL,192.168.105.1ZZ,11:11:11:9D:A8:95,,IBM-B5,
648,NULL,,,"ZZR7WZZ ZZR8WZZ ZZRZZZZ",IBM-B5,NULL
649,test_smgmt002,192.168.105.122,11:11:11:9D:AA:2D,,IBM-B5,NULL
650,test_rc020,192.168.105.120,11:11:11:9E:79:ZZ,,IBM-B5,NULL
651,test_rc019,192.168.105.92,11:11:11:9E:78:61,,IBM-B5,NULL
652,test_rc018,192.168.105.95,11:11:11:9E:79:19,,IBM-B5,NULL
653,test_rc017,192.168.105.112,11:11:11:9E:79:53,,IBM-B5,NULL
654,NULL,,,"MAC MAC",IBM-B6,"Electricity IPMI Serial Name IPMI"
655,NULL,,,"MAC MAC",IBM-B6,"Electricity IPMI Serial Name IPMI"
656,NULL,,,"MAC MAC",IBM-B6,"Electricity IPMI Serial Name IPMI"
657,NULL,,,"ADC CORE11 SWA116",IBM-B6,NULL
658,NULL,,,"ADC CORE12 SWA116",IBM-B6,NULL
659,NULL,,,"PDU A",IBM-B6,"BLUE Not sure which 2 are installed"
660,NULL,,,,IBM-B6,"PDU B RED Not sure which 2 are installed"
661,NULL,,,"PDU A",IBM-B6,"BLUE Not sure which 2 are installed"
662,NULL,,,,IBM-B6,"PDU B RED Not sure which 2 are installed"
